,0,1,2,3,4,5,6,7,8,9,10,11,12,13,14,15,16,17,18,19,20,21,22,23,24,25,26,27,28,29,30,31,32,33,34,35,36,37,38,39,40,41,42,43,44
0,0.6150487043541535,0.5661579032722357,0.5572737374400556,0.10378401230134163,0.060209617293348144,0.1918832119181687,0.12053610392566189,0.2643668129728044,0.07744887186453636,0.29259560801972173,0.5714285714285715,0.14285714285714288,0.7142857142857143,0.4527865106539462,0.6425766062503399,0.4689694898848839,0.47012783935838,0.47012783935838004,0.4547132535124,0.43882281027736714,0.43882281027736714,0.5852001578573469,0.4959429555708522,0.9999999999999999,0.4630761887627016,0.45310884129304996,0.6001611520251633,0.5797143876018461,0.40549968445224327,0.5796234222877668,0.5387456378627333,0.4795139499350949,0.3998763816896158,0.2835583854344925,0.1632615312670147,0.5377604814363899,0.5208436405883132,0.49032438628631336,0.3044822099179658,0.2863568147490909,0.29528406246200234,0.2561218181105751,0.2580207489350115,0.9999992980232011,0.852514297448067
1,0.684558666850672,0.6117460390001641,0.5915847574786366,0.08103185748080179,0.04849227425562645,0.18727003175503343,0.1532669159219502,0.3449857367308254,0.07169594809298636,0.2663972364407112,1.0,0.07142857142857144,0.9642857142857143,0.6316476815340368,0.8221743602197676,0.545148087184739,0.7586010446463421,0.7586010446463421,0.494711947084983,0.6067633512746773,0.6067633512746773,0.9126100153154625,0.6666666666666665,0.9999999999999999,0.4726749107377695,0.4573829795096705,0.620245023851419,0.6481536838905045,0.45401154990471426,0.6147167830007789,0.5762438570208874,0.5153916016991014,0.43121325020769596,0.3076594059770237,0.17990294071088897,0.5869780026656177,0.5484585661339532,0.5362476214839473,0.40249620488426174,0.3052051121986956,0.31347884802455184,0.22735221298182634,0.2653843935374749,0.9953056253886732,0.8018915786380261
2,0.6944272055158929,0.5198644197842999,0.5707792105400675,0.06919668903727583,0.04131937627415995,0.18298636446069344,0.1416233647099039,0.3240405348100257,0.06635394744797565,0.2504406861532252,0.9285714285714286,0.0,0.9642857142857143,0.6481478064303503,0.7524227206588776,0.5230113003073156,0.6851432735839385,0.6851432735839385,0.6223403870941586,0.7681031151922207,0.7681031151922207,0.7966161095834362,0.9505671503480599,0.8517014510441818,0.4790223418466845,0.4622681445662252,0.6274538136287967,0.6552531505866004,0.45140335579685836,0.5690336545764461,0.5433575788174179,0.4951351288144652,0.419818930332843,0.3017647129008836,0.17670063146049486,0.5903061926786197,0.5476098240320004,0.532995194710419,0.3946654397980556,0.3061876007522102,0.31529415941154326,0.22806572652161006,0.2685684073294485,0.9476743716567402,0.6590899974555846
3,0.6220537208373285,0.540504565553098,0.5627735966475229,0.07443732610232641,0.04988475960670725,0.18142254257818852,0.13587210794316795,0.3180848848874569,0.061393518277608555,0.23571849326061683,0.8571428571428572,0.0,0.9285714285714286,0.5202669379100495,0.7030893050128166,0.49859603576312866,0.5919900196039223,0.5919900196039224,0.7492852364329714,0.79770848991803,0.79770848991803,0.6689750100423861,0.8466134658474099,0.6881389464980491,0.48261078038379573,0.46700497858983847,0.6257038295625453,0.652270296746088,0.4228740456087721,0.5457223779506148,0.5209074939501304,0.47788013455287004,0.4087426986596121,0.2955071198412327,0.17314471189471803,0.5445243499316215,0.5429119818908488,0.5066339180021986,0.4056759723045449,0.3125536895767631,0.3194292121287319,0.22876496979059813,0.2688498673049315,0.8568591394567058,0.5046951610325379
4,0.6204864933602057,0.49122667604750836,0.5189892498298183,0.049485658182071235,0.037615371167518,0.16135441419386864,0.12547104301532042,0.29423621167663244,0.07526908443561771,0.3000792943218245,0.7857142857142857,0.35714285714285715,0.7142857142857143,0.5124397322708116,0.5713297661649859,0.44792229919138044,0.3848361834965006,0.3848361834965006,0.7496218236227795,0.6077149166434326,0.6077149166434326,0.37498184257319966,0.5132801325140771,0.0,0.48219599772306093,0.4706986572901326,0.6133968621112149,0.5913824393466427,0.41062241604638966,0.5180749582366126,0.49141271463035396,0.4512060319364908,0.3883672823369686,0.2818487851466145,0.16447504650932387,0.47879089431097643,0.5336909416051379,0.49471977863989824,0.3877811548910497,0.3063894481689431,0.31515495037494645,0.22945022819420646,0.2654621439280151,0.7358530634029604,0.3550241549195534
5,0.6015304698477424,0.48483130000221264,0.5488461143801684,0.032666600279078195,0.026660800589168143,0.14000873034711847,0.11581291129660479,0.2821035765324853,0.07254501533564191,0.3016540939183487,0.7142857142857143,0.28571428571428575,0.7142857142857143,0.5145890701141713,0.5051674476063202,0.43515320538669205,0.33601599467813037,0.33601599467813037,0.6112662931787286,0.3769583083404456,0.3769583083404456,0.14364005606802868,0.22937964883268347,0.0,0.4811107382124537,0.4734029740534348,0.6017245397983657,0.609532669123378,0.39084452840183626,0.5258992453257418,0.49171025361389464,0.4467741349437828,0.38400981509576404,0.27912803464516145,0.16299052715358542,0.482097606045655,0.498820069583628,0.47605872068906496,0.37355996287425164,0.35391602680824263,0.31623035322829907,0.23012178142974254,0.2622539645126556,0.5807337379555371,0.20817231156045501
6,0.6269076781075882,0.5236683957302684,0.5599508776422006,0.08085236963195543,0.04780880975042954,0.12018773820370754,0.10684464612922603,0.2744466298363076,0.06714236703044152,0.29399478024423764,0.6428571428571429,0.2142857142857143,0.7142857142857143,0.5428700791739016,0.49379396040650836,0.43803423596791263,0.3467721535532027,0.3467721535532028,0.3992157356565168,0.19822053234500261,0.19822053234500261,0.16319756582557185,0.010930620882927651,0.03279186264878073,0.48054193730191047,0.475435070486664,0.5937937997279346,0.6461622755674288,0.3840337905570186,0.5391782339970592,0.500369893621798,0.45041421995131703,0.38596741767148224,0.2808783096734011,0.16448756597825565,0.4944802977419318,0.463800937564951,0.46947616094639155,0.3977381056976039,0.3478024090568823,0.32696041847297863,0.23077990360056794,0.2602792082180499,0.5036393143661734,0.14902851427860275
7,0.6382179293416599,0.5275551000548693,0.5342550416361516,0.1369882202075298,0.07010531967608423,0.10718250956787923,0.09851697133094575,0.25841349229173105,0.07238208712739805,0.32908657994927404,0.5714285714285715,0.14285714285714288,0.7142857142857143,0.4272022309843175,0.41979886976213365,0.4009521383986297,0.22284388875618072,0.22284388875618075,0.21686925716305075,0.0922033365749318,0.0922033365749318,0.07498310967530816,0.010930620882927651,0.0,0.47784759542970545,0.4764385253444139,0.5816580629823938,0.5767727019068742,0.3779529916686431,0.5227658415623209,0.4851786728575127,0.4353995006052731,0.373118820267786,0.2717595380838915,0.15863966706393384,0.5015667323391195,0.45683122706574864,0.463693473160375,0.3833127986577445,0.3331541424847231,0.3225613817054054,0.23142486332797685,0.25661318558664303,0.3553634756300927,0.059288107851934446
8,0.6107481994500874,0.5034243231841846,0.5433714497054678,0.08340256350838457,0.04811134887393313,0.10042105671308293,0.09078413044682834,0.24563297474408063,0.07254771642601093,0.3429499506189576,0.5,0.07142857142857144,0.7142857142857143,0.36706261715171956,0.384506164164875,0.3923637488886516,0.1991085611918006,0.19910856119180062,0.11857829062602585,0.09907999731083358,0.09907999731083358,0.16309906450863493,0.010930620882927651,0.0,0.4753370707395004,0.47666151706620236,0.5724502928675099,0.4751774179190236,0.3796234111079104,0.5309855599837019,0.4899724605848439,0.4359325110889225,0.37188215933638347,0.27070839221124743,0.1581251946700739,0.503821413218358,0.4628005359621872,0.4653408164408974,0.40320982780229997,0.33397263318320825,0.3204432167447564,0.2320569238608376,0.2537480404091797,0.2674986368611021,0.022592077459804405
9,0.6302232279127142,0.527853252343101,0.5619527918512239,0.06349631627608451,0.04218356220103363,0.09414256477648636,0.08360363534014789,0.23704871890339718,0.06714487518578417,0.33222472483541776,0.4285714285714286,0.0,0.7142857142857143,0.3267752671143542,0.4065490913256845,0.40799861600141457,0.24377302838843734,0.24377302838843737,0.1110742707072965,0.17700592377602886,0.17700592377602886,0.38370593741233,0.11411357102183366,0.3423407130654992,0.4742929665020585,0.47659878850765913,0.569079414042831,0.5789130268140282,0.3950046836857474,0.5471307158984802,0.5040588689103331,0.44561800129495577,0.3782436823221502,0.2752244647729043,0.16136856680634892,0.5081879157625808,0.4899220274697784,0.479981612190028,0.420377688408756,0.33312983463827095,0.3074814318681902,0.23267634318304115,0.2527528378773752,0.17019758257027184,0.001058814978377176
10,0.6443097117377576,0.561228028854623,0.5003778673378454,0.13727114624951786,0.0735330495595406,0.1116852292225523,0.07693603274108748,0.1988570781648718,0.08903145037167166,0.42132307946627445,0.35714285714285715,1.0,0.17857142857142855,0.5433921086572508,0.3931871605483972,0.44380368424367184,0.3687793538035747,0.3687793538035747,0.2400711364866864,0.4568902702148399,0.4568902702148399,0.8669767922067746,0.44744690435516643,0.9999999999999999,0.47536857286952333,0.476797002593208,0.5721579705681307,0.46445742519161864,0.3796723067943243,0.5641758163361712,0.5216324085818544,0.4604915909407872,0.3896267941500007,0.283697374301628,0.1673584097020786,0.5400906980698283,0.5072891476358121,0.46520699225903694,0.3960761131992374,0.34119881942376296,0.31187964815393343,0.2630278899710132,0.25394126051746513,0.11331883003732235,0.0024344249725613
11,0.6548120738133789,0.5783318776507538,0.6185794621420428,0.06359975632201774,0.03965246900282768,0.11019839715862195,0.09510680834450994,0.2505979504244329,0.08245119956389771,0.3825643278367813,0.28571428571428575,0.9285714285714286,0.17857142857142855,0.49123832679777196,0.5026064833323053,0.41567493739752753,0.2680396620615112,0.2680396620615112,0.41618655441582897,0.5969757511590763,0.5969757511590763,0.559501426176521,0.5985045624956126,0.4531729744213389,0.4748635882371925,0.47683895440180935,0.5703144150464617,0.4496213833856312,0.34231686272822526,0.5427550319032832,0.5061678243826009,0.4495161369044327,0.381244987684056,0.2780141013814017,0.16385391097830748,0.5323891787828332,0.49575356375364166,0.42715530004590985,0.3931644773606262,0.3327211281188518,0.3026502862247824,0.26233382247120224,0.25327228584145656,0.07083288990030934,0.015127450615652849
12,0.6197606583008433,0.4547474621916008,0.5479160788562907,0.022232202933682495,0.01967461796032189,0.11161107399541093,0.08761755053085224,0.24270407515273684,0.07964166276873832,0.3892823500929745,0.2142857142857143,0.8571428571428572,0.17857142857142855,0.4847791786502525,0.4203212545220907,0.40048704187616774,0.2215084895586273,0.22150848955862734,0.5790502915300216,0.6374378616409919,0.6374378616409919,0.49820228667698346,0.5370303330764465,0.1579180248080011,0.473826692889827,0.47663305870964867,0.5673903527744439,0.45706879752895796,0.34490997907964155,0.5385259183061124,0.5017365851208644,0.4455370651994386,0.3776732666113993,0.27553821559572356,0.16244022635101274,0.5201201754214777,0.5062454367550986,0.42990317657921384,0.40198241393951406,0.3587604523858623,0.2842650517951668,0.26165363632138755,0.25209941870998653,0.02033935834511802,0.06101396208434606
13,0.6271584901652827,0.5527851603911516,0.5606996093830026,0.08435579041030533,0.05018280808381881,0.10499381385016282,0.09168313988738419,0.26756371167415266,0.07373211107545961,0.37312926589024986,0.14285714285714288,0.7857142857142857,0.17857142857142855,0.4987448776156183,0.4620730109069216,0.43542645896021176,0.33702912796331447,0.33702912796331447,0.6106098300954543,0.5461122158565374,0.5461122158565374,0.6085509980003551,0.472565308199198,0.806604925368254,0.4747122358987193,0.4766728464927817,0.5702888842454317,0.5078979865076084,0.36104168740244263,0.5580042101883071,0.5184220952496492,0.4590300705492494,0.3879730776301624,0.2831703007411477,0.1678595578125126,0.5185404309703618,0.5202556010710104,0.44624178543770565,0.41230587380411343,0.36732239057065286,0.28774085889546086,0.26098705389456917,0.2529439234879595,0.003830294271007173,0.19283446956189254
14,0.6527087269443639,0.5582992068614581,0.5606521686271055,0.123859838653598,0.06724683585635592,0.08920469146631388,0.0984034950915586,0.29615333955868745,0.0682446702174151,0.35017101329249123,0.07142857142857144,0.7142857142857143,0.17857142857142855,0.5507227629060398,0.5216996487212131,0.48429680612315756,0.5336543400933568,0.5336543400933569,0.6191906078968457,0.6212344610566214,0.6212344610566214,0.7720761713277422,0.6548409833920849,0.9999999999999999,0.47781488702787744,0.4774211925805276,0.5786483335022264,0.49738007090323993,0.39147710080650905,0.574395241506382,0.535642448644778,0.47530308380904174,0.40157379294371864,0.2936469236392085,0.17532225572479732,0.5479012949047974,0.5303120239985617,0.4766859306587543,0.4077975078147009,0.38396084411727216,0.2922688190548328,0.2603338031162871,0.25579177134363035,0.04564412843588456,0.3263036265633923
15,0.6601446754898066,0.5342798863185299,0.5503049258154671,0.0850836086878912,0.04817192047875119,0.07674355312026176,0.09067875965311173,0.2727404769624089,0.065265393673702,0.33640096663242963,0.0,0.6428571428571429,0.17857142857142855,0.508982314445376,0.51021154833158,0.4478689991729296,0.3846266955084142,0.3846266955084142,0.5960777141143048,0.5720954185500492,0.5720954185500492,0.35915266948319474,0.7906520676734704,0.5653512776521584,0.4786829741232844,0.47822034257738405,0.5792477093016363,0.40160683831615884,0.3866755867347348,0.5461484860407233,0.5138846857946353,0.4602339867280767,0.39098350422884387,0.2867478795163656,0.1711019096095292,0.5408440431688439,0.5070395707493232,0.4719898826444284,0.4053115956441804,0.36333128636607626,0.30023716292718206,0.25969361735357077,0.25592696926405406,0.22010113208681636,0.5950459667459218
16,0.6180619875795692,0.4941157541210375,0.5527872308601842,0.05135224196778568,0.0359280687638696,0.06612178739496266,0.08350579103169675,0.26183207915501777,0.061250629084214414,0.32914716653474785,0.07142857142857144,0.5714285714285715,0.25,0.4703000967753949,0.45479052852731494,0.415994299550904,0.26908167968913255,0.26908167968913255,0.5543515132629067,0.4281481075892609,0.4281481075892609,0.20122074767047096,0.5834601753011409,0.18502924825126474,0.4779369016549002,0.47868736709755705,0.5753293499356549,0.42133750312758905,0.3769053982858393,0.5334593896671471,0.5006922624941055,0.4489873860572775,0.3822074744466377,0.28073017612953066,0.16737008646896356,0.5169920578800675,0.5067617420961739,0.4624234688163211,0.3872686355807158,0.3691772736480914,0.31120088825406356,0.2590662353061087,0.2544391208066779,0.444238454125353,0.8119180488272483
17,0.6192661986486627,0.5297637548424792,0.5430011162598889,0.08750902066924975,0.05288443657225219,0.06266531819154278,0.0768451773118114,0.2453910758038348,0.06240970249808582,0.3447424944813892,0.0,0.5,0.25,0.3097956245446318,0.42696804010740064,0.4032277609946629,0.2294601085144249,0.22946010851442486,0.41124618028876825,0.2166614913605246,0.2166614913605246,0.17362875501346703,0.2501268419678081,0.0,0.4768731023659121,0.4788153164684745,0.5713289995255497,0.32304201885264433,0.38664180881811644,0.5356666890945974,0.49972703720331246,0.4465086510578393,0.379683018872079,0.2789846931766995,0.16645820624070495,0.4948209927456926,0.5080987674920641,0.47200607198501654,0.3784998971934126,0.3622159699478473,0.31992892115467697,0.2584514008995959,0.2528660603576554,0.6530258743432764,0.9447933359608334
18,0.6294153693765765,0.5204686710954189,0.537015484586332,0.08780067509367699,0.046853832685289906,0.06863093935285872,0.07066032171477502,0.22437409147868853,0.06639971006251053,0.37043562278986825,0.0,0.4285714285714286,0.2857142857142857,0.4902107763237035,0.3963101153145069,0.42784778123801187,0.3095087093163276,0.3095087093163277,0.3013552704210456,0.26142291722666955,0.26142291722666955,0.48581486748803276,0.16290708188772637,0.3036919974119129,0.47715302599075715,0.4789823205896885,0.5717897607659667,0.3182269973043064,0.3952543561194492,0.5514529214726434,0.5124269916073732,0.4558801499636731,0.38662122794863407,0.28415199841096594,0.17023517117337406,0.5154410029051482,0.5043615237210934,0.4802994295541625,0.38827868188214687,0.363084088944273,0.30754612708889084,0.2578488631812133,0.2528502463936445,0.787567886608959,0.9925682013051875
19,0.6466306658517476,0.5318696027746594,0.5873602366984609,0.02864606314581309,0.022041857311425446,0.07381551023166022,0.06530651938028684,0.22087626515029424,0.06143601213396237,0.36327570043294827,0.4285714285714286,0.35714285714285715,0.5357142857142857,0.5125519730842107,0.5086433103753781,0.4360835855070439,0.3394716476835308,0.33947164768353083,0.2827059371527385,0.37542459277395573,0.37542459277395573,0.5238133041326872,0.3465630524280254,0.7359971598721624,0.47784514325138616,0.4792757591289845,0.5732814123285664,0.35489063920320524,0.39277720026009044,0.5534513279413269,0.515538943681304,0.45896883466812266,0.38921762761185086,0.28636935668027164,0.17206840041356486,0.5302010927012741,0.4913737917686518,0.47792697341813994,0.3933789700896675,0.36783647530367247,0.3025738446940025,0.25725837621719844,0.25320086862723257,0.9354598175784775,0.9816625178701839
20,0.6396285204407088,0.5789529084996059,0.5515718115290258,0.11074772192447735,0.06101586857184157,0.057821915387057776,0.08430352561962076,0.29262889801441816,0.056826864057453366,0.3328831165610052,0.35714285714285715,0.28571428571428575,0.5357142857142857,0.5733920580925822,0.6794187535996469,0.5073698883475937,0.6266447245040546,0.6266447245040547,0.42734627645394907,0.6255740761872336,0.6255740761872336,0.8814811700292485,0.6798963857613582,0.9999999999999997,0.4813724331539983,0.4803250904779214,0.5821993059509131,0.36607588843439814,0.399149185071609,0.577837391314596,0.5389272251711419,0.4797266335072221,0.40634827332445234,0.2994644018935908,0.18136573058798433,0.5573756408371975,0.5223625924898032,0.4841731385902923,0.41426595510118425,0.37839671753583204,0.3045343587613729,0.2566796989924638,0.2563011090511626,0.9740933048472171,0.9475654459495523
21,0.6669781542069109,0.5210802082080086,0.5605529563957927,0.11225625086488963,0.06449166305158795,0.04297072017421269,0.07758593085774085,0.2733596544433881,0.05254694084355215,0.3124975485158041,0.28571428571428575,0.2142857142857143,0.5357142857142857,0.5231552630326419,0.6094619030454984,0.4612129384793094,0.4382160035497534,0.43821600354975343,0.5766992736318965,0.6836586532786211,0.6836586532786211,0.6501778220234268,0.7642620102019635,0.5567888707337291,0.4823915454785956,0.4813999059443885,0.5824999631952936,0.3602696138305409,0.3973627767878717,0.5465376368854509,0.5148524050953531,0.46278726260864556,0.3944515444980663,0.2916745564998884,0.17656414866972625,0.5352569815987711,0.5203715263820952,0.4823545809348717,0.38689870294351003,0.36949372191257623,0.2949266533134818,0.25611259531222386,0.2564190148669618,0.9952343110874974,0.8988877977228809
22,0.6165384720462699,0.6185441326069845,0.560049583784908,0.09295372021658183,0.056750793296132994,0.0568214739595628,0.11665565862852845,0.39285963249989553,0.048572726430643885,0.2646841993188357,1.0,0.14285714285714288,0.9285714285714286,0.6227857211126919,0.8203599242751007,0.582541435686341,0.8539564161169635,0.8539564161169636,0.721532761656392,0.7848832281981399,0.7848832281981399,0.8102502730923604,0.8522629569112425,0.9999999999999999,0.4890933791378559,0.48380745733893166,0.5982233529162644,0.4563645958957024,0.4354712195748408,0.6014682219762553,0.5632552302490939,0.5041821504864394,0.42847663797694047,0.317521523200611,0.19467829912809975,0.5778046232574461,0.5640705005452089,0.5188758357138346,0.38829196378548936,0.390252607140237,0.3130840374306345,0.22832451498046735,0.26227428708027534,0.9610754857641689,0.6892610600406273
23,0.6986312458699744,0.5933552034009923,0.6104861409871718,0.0848999065939804,0.05260766207879917,0.08603988737509932,0.14122354511303084,0.4621203857902153,0.044882384475800494,0.23183233543058557,1.0,0.07142857142857144,0.9642857142857143,0.6811724389371137,0.9114099172465582,0.6635160969266198,0.9573998704703853,0.9573998704703854,0.7768588103779511,0.7819863032345459,0.7819863032345459,0.8732836902518798,0.8522629569112425,0.9999999999999999,0.49971643031133406,0.48818675031682823,0.6214856216755847,0.48722481358000297,0.4568949537060235,0.6233670982999615,0.5906979842911149,0.5342316782134731,0.45653695101253966,0.34036889391740033,0.21114713568437438,0.5962426885212038,0.5930608367519934,0.5397409964858335,0.4176270029297253,0.42720804395536405,0.29813723530394753,0.22900062177513003,0.27128628887031175,0.9174651762495475,0.600609870719479
24,0.6918286242483365,0.5163137735037839,0.5643969515146738,0.06241725232094492,0.04033377422084309,0.11317127126095466,0.13044023467305021,0.4235664587561708,0.04145563837487448,0.21148842592037498,0.9285714285714286,0.0,0.9642857142857143,0.5913098181169132,0.7526937440963724,0.5781952431738151,0.8447217567246235,0.8447217567246235,0.8088511234468877,0.7741040953648773,0.7741040953648773,0.6278733990837109,0.8594174959869667,0.5782524879609019,0.5042634101003358,0.4927402489841492,0.6235408704977461,0.4943039484590533,0.422879488970561,0.5531925013836361,0.5341591097706728,0.49408104046603185,0.4292797215570374,0.32301498935989414,0.20035321126895056,0.5811821669776496,0.5653022717438567,0.5071650146563149,0.40821622410295433,0.4058591066035966,0.2752690993735456,0.23069279940659504,0.27313154158126585,0.8782008342691465,0.536164386781248
25,0.5993262811188795,0.5187872222790797,0.5414241350243858,0.06313738698391852,0.03789965403871402,0.12842577291893775,0.12042716069306822,0.38408399060015447,0.04520550308092853,0.23050663545197464,0.8571428571428572,0.5,0.6785714285714286,0.6279285972037756,0.6888386617912333,0.6120065630314822,0.9051250357993511,0.9051250357993512,0.8000593042848282,0.7600278834426214,0.7600278834426214,0.7704185673958859,0.7745456394945016,0.7453844305226045,0.509974071032766,0.4977018488291989,0.628355578143752,0.39228277532521477,0.44598135116884857,0.5715891935679402,0.5458755372713742,0.5039521621582823,0.4393334220647116,0.3323331444080111,0.20761807984319347,0.5544652328586599,0.5611892512349819,0.528781409914207,0.4326480450822139,0.41169216495784866,0.2826622689552494,0.23231728993280149,0.27630429984745986,0.8387114057804762,0.47943160106323535
26,0.6598218906423892,0.5650677460223705,0.5911788215907707,0.06422083075514964,0.04179773593865194,0.15180232111987446,0.129759032572308,0.4234479933390538,0.04175567707963623,0.21443878416677675,1.0,0.4285714285714286,0.7857142857142858,0.6129543955307548,0.699704529791058,0.6356682391289863,0.93394305459531,0.9339430545953102,0.7895816793555943,0.7523650183747564,0.7523650183747564,0.8515999455156703,0.6657490340037517,0.6736101835277495,0.5159215701574792,0.5030446242354053,0.6328526219871106,0.4538859330004294,0.46521295576873056,0.5752310831587724,0.5485363116135584,0.5075538920922904,0.44483343852257917,0.33860776143284355,0.21292895679804502,0.5274692344830125,0.5836170049015461,0.5459676327985354,0.4436148873534602,0.37215502847195836,0.2872048169169332,0.23387680083795964,0.279703290423404,0.7931168134173331,0.42083481901962017
27,0.653312110131294,0.5157607401014865,0.5520105337692347,0.05443034014714426,0.03470225850098886,0.17148836197919903,0.11979461588523613,0.40062503049746884,0.0399049319421059,0.21035681343108842,0.9285714285714286,0.35714285714285715,0.7857142857142858,0.5567077340536082,0.650564784432242,0.6023900703400966,0.8904855611050176,0.8904855611050178,0.7756211657376679,0.7346363387445983,0.7346363387445983,0.5777062409508452,0.5675230720989439,0.2835746022464779,0.5188951905246075,0.5080055624895404,0.6283477728077016,0.4054015009074812,0.46108406401999696,0.5501949241506043,0.5256057035140653,0.4889692212947869,0.4320514521485297,0.33123313907981,0.20888848305049024,0.5440791888482797,0.5365453031415672,0.5412427861579152,0.43666741664545405,0.3619466661633517,0.2917033582790225,0.23618172768469736,0.2801237000429756,0.7466325292031215,0.36684542079731614
28,0.6221718280763064,0.5225325769908249,0.5366485499026912,0.1153180277128667,0.05969987210706662,0.17566099386200618,0.11054194324724084,0.3687311027907968,0.046440376993549456,0.25051091631426253,0.8571428571428572,0.28571428571428575,0.7857142857142858,0.5386894253902657,0.6114335320711829,0.5775435476816655,0.8432967431491618,0.8432967431491619,0.726727788175283,0.621801455763219,0.621801455763219,0.4511277044823832,0.3190615952580761,0.0,0.5198562335647345,0.5121962531540798,0.6192605239553849,0.3301434964486894,0.44918881948549433,0.5408283601120605,0.5133202678293718,0.4764212272845274,0.42256699960875466,0.32569627915548693,0.2059741574457732,0.5196424305216159,0.49576039021300033,0.5301193673380231,0.4422287448506754,0.35507950185243686,0.29321723520232723,0.23834835892063078,0.27899847842652464,0.6780605007333789,0.2955321970209265
29,0.6255968175814544,0.5163789709521511,0.5605908167277636,0.06676424553619456,0.04026746597515212,0.1795355806103271,0.10195017579767379,0.35012453135495675,0.04290234571278424,0.23778815192390196,0.7857142857142857,0.2142857142857143,0.7857142857142858,0.48450168273687527,0.5971326319895336,0.5762003383652925,0.8403261196225577,0.8403261196225579,0.6296613393574718,0.4779485403866653,0.4779485403866653,0.44453680803909085,0.09452486741549321,0.0,0.5202313206270457,0.5156354270357453,0.6103942579457062,0.32657786710196646,0.4469914317092421,0.5447765687723924,0.5130845257389125,0.4731314398268909,0.4197111613118931,0.32471621244080495,0.20611392039926102,0.5069832164727752,0.5188164786808871,0.5278479102741729,0.44422941808494265,0.34251886798711695,0.2910225106018274,0.24038499228240817,0.2779407597036206,0.5995871757947246,0.22394812169056139
30,0.635650260197623,0.5412673593848507,0.536118741418439,0.0974915425288163,0.055546896437469025,0.1690153695910423,0.09397210602307582,0.3144110547671983,0.04941960251253802,0.27316491163341283,0.7142857142857143,0.14285714285714288,0.7857142857142858,0.3497980213668324,0.565326690090521,0.5148010519628134,0.6550273811167082,0.6550273811167083,0.4788353505888534,0.3082363093725452,0.3082363093725452,0.0974685409089487,7.105427357600992e-16,0.0,0.5176338321371811,0.5177869108480075,0.5952023115334294,0.3072431947977058,0.41576236533953337,0.5249915773135516,0.49305589330981725,0.45325503143602663,0.4029075733251162,0.3129640383957586,0.19872770557303454,0.49842952955951647,0.4879317731531172,0.4993313806452564,0.42993003224482074,0.3836120746283207,0.3059515061649165,0.24229942764247897,0.2744717967544509,0.536763503475105,0.17339841859076704
31,0.6102486792914452,0.4899735234863094,0.5534133953904021,0.0616992724064512,0.041459363980817024,0.1584230647858395,0.08656389837523482,0.2981992183839736,0.04625130638180641,0.2631993859400182,0.6428571428571429,0.07142857142857144,0.7857142857142858,0.407158021628593,0.5382132376809253,0.5236157158802806,0.6873038017108166,0.6873038017108167,0.3357782205801305,0.21736476063118637,0.21736476063118637,0.1939868767057193,0.033545544410217065,0.10063663323064921,0.5157339070948057,0.5190693355712269,0.5849493015712081,0.2976055207141944,0.4290629364288941,0.5410245153348443,0.5033785902315007,0.45755150284477253,0.404666301252405,0.3146018313495702,0.200463061625058,0.5091999468603827,0.4798561000239676,0.5112137002156194,0.42445079252885876,0.3836739232462918,0.30773402653608883,0.2440989968809455,0.2725418174014121,0.4446077024058363,0.1094539070346151
32,0.6406917498140197,0.6248452423215953,0.5644149909478082,0.10392092918108008,0.05949709080257056,0.17851386702772892,0.1302203444487811,0.4334097251673287,0.042726780144737124,0.22463746265654877,1.0,0.0,1.0,0.47336051644016736,0.6450745097748404,0.6460222884300013,0.9438078303108195,0.9438078303108195,0.29802531422705303,0.37121732974280014,0.37121732974280014,0.8798961424500032,0.3668788777435499,0.9999999999999999,0.5212399449148738,0.5213668212846926,0.5969248169032193,0.39951380989281265,0.4356483827522132,0.6091980371991688,0.5649334356178852,0.5080238267197439,0.44494813363757935,0.3456162268356202,0.22270662176019584,0.5633753110782376,0.5353923775380922,0.5186961597649207,0.46190950833302225,0.4155957993834001,0.2956230800751527,0.24579059196510405,0.27852584421678644,0.37121918214549965,0.0673123961073736
33,0.7113078364044809,0.5487422845265346,0.6135269644238863,0.038427461241256185,0.02631691722909861,0.20177338199748662,0.13015512352609207,0.4470966754728314,0.03945400578174422,0.21225263952497947,1.0,0.07142857142857144,0.9642857142857143,0.47925263656322675,0.7211940828643469,0.6618965109338577,0.9562860851178692,0.9562860851178693,0.4175730422393048,0.64620959336664,0.64620959336664,0.8756190102233272,0.7002122110768828,0.9999999999999999,0.5263810685143548,0.5243920837223213,0.6055110017751055,0.4214418582565733,0.41212232796574183,0.5888445078656823,0.5566602083130414,0.5070332416410634,0.4467717798033082,0.34903730105021324,0.22619170797612753,0.5902895656166316,0.5494570037522948,0.49690161328054483,0.47007428988759514,0.4166243897225712,0.28376413303353587,0.24817443974556558,0.28342453693921216,0.3128982192617936,0.039831943315366825
34,0.6477618567725789,0.5198050022394423,0.5423097291323793,0.06783642509791253,0.041947896470397546,0.21338766058564446,0.12016241462803565,0.4185777529640092,0.04315994696567116,0.23968135590197753,0.9285714285714286,0.0,0.9642857142857143,0.4262682899915569,0.6629788340449017,0.5882013736622738,0.8652956466429824,0.8652956466429824,0.6203616556604595,0.7906682836185293,0.7906682836185293,0.6027641860550969,0.8329992922349131,0.49899787670474105,0.5269683113224878,0.5269479095599057,0.5999726693445852,0.3742475489456424,0.4160750378618247,0.5432066747357052,0.5183829814137675,0.4777247439416765,0.42480872817665727,0.3342565265137125,0.21696552365277455,0.5641008480576497,0.53020708339512,0.5001384356285792,0.450532499152942,0.4012839908550099,0.2785140828254171,0.2511871129545104,0.2833186582645823,0.26425836839719163,0.021515051025710608
35,0.6064961030916876,0.5020088482879972,0.5227594925481722,0.12333206442990315,0.07099803012529637,0.201299831811721,0.11088347065126897,0.3803788633818605,0.05723663879734752,0.3240393247280963,0.8571428571428572,0.0,0.9285714285714286,0.4029468804506799,0.5482791201718461,0.5350253038932655,0.7265049180132188,0.7265049180132189,0.7068522210082028,0.61573473623075,0.61573473623075,0.3848835911702576,0.5271693877244678,0.0825102864686623,0.5245942062839889,0.5284443023630684,0.587473660251667,0.36034700035158407,0.3905912888049102,0.5258027311756321,0.49798089703140036,0.45819240903322456,0.408483805857097,0.32275729021074895,0.20976184020418387,0.49467924539465713,0.5309682997600413,0.4758158992729067,0.43079135696520154,0.4095806384248739,0.2754953078589537,0.2538985188425608,0.2806075299829065,0.2199210967334715,0.009075147664775851
36,0.6120122710506903,0.4942732487970627,0.3455834586704427,0.14443207600263724,0.07816747461130251,0.23237807615697087,0.10226730838712847,0.2443380496536885,0.16451309659895508,0.725424271158077,0.7857142857142857,1.0,0.39285714285714285,0.3478866420957439,0.08606549664046104,0.30847536815721655,0.05795849039247919,0.057958490392479196,0.6264075998917303,0.41878467086532284,0.41878467086532284,0.3183059288442684,0.19383605439113485,0.0,0.5065605108490563,0.5254767753752458,0.5348091007705277,0.25968394590551364,0.2986168834533905,0.40227527673134134,0.3798059052572178,0.3521323100820828,0.3192162926957849,0.25460544237382265,0.16252476996269039,0.3726930047898378,0.42888525318927684,0.38607322181271275,0.37168738778118815,0.3626335482027514,0.24821293584884074,0.27830117183501424,0.262891001179094,0.13442077526316748,0.0002991332810466929
37,0.47629041159022667,0.31636300619223245,0.4327976910894902,0.06974310529733277,0.04152253226004891,0.2776312486464997,0.0942665862847123,0.17665904579166786,0.20728694539370207,0.7698789986053034,0.7142857142857143,1.0,0.3571428571428571,0.21934070249153453,0.09604176488852811,0.1686797508392197,0.005682450359792257,0.0056824503597922476,0.4262687964454729,0.22485603624191636,0.22485603624191636,0.0540009006554638,0.02750342882288806,0.0,0.47197671886947407,0.5151160886835513,0.4475858715887624,0.16731975501941262,0.1976122240445847,0.2881531300844,0.2568442341593564,0.23089455715800966,0.21161627746529454,0.1695323110553133,0.1024596614077069,0.2363232417706551,0.25161244897556667,0.2871028108709348,0.2930506537472706,0.3200378082793094,0.20618547671109155,0.276990851370229,0.23130818473966874,0.025867768254401402,0.052490533839126774
38,0.40850031340300696,0.487106377512716,0.5686391322428688,0.06000338309428892,0.04145775999006757,0.3196520516724908,0.0868373443324687,0.13764159295568246,0.19225987351292595,0.6388327024505008,0.6428571428571429,0.9285714285714286,0.3571428571428571,0.3325832393570702,0.2897895167356277,0.3336138345434158,0.08555481222741657,0.08555481222741657,0.2832585816931469,0.21143067518166941,0.21143067518166941,0.3468936096628635,0.13104933073875796,0.3931479922162725,0.45807543727479727,0.503617223912991,0.43415784197774726,0.2626012894796104,0.2712844746346553,0.5349859075824606,0.442787486850702,0.357745728206587,0.29937324202153626,0.22993002730561685,0.14352037995807976,0.3362096170104314,0.3171989051540649,0.3571895682597104,0.34984014998661195,0.36536695181952794,0.23741233911166404,0.2734634857618963,0.22467503736766614,0.0010355404740073904,0.16992368142358066
39,0.8061853596656288,0.47284551103910566,0.6055456977698441,0.04627387678491299,0.03432982778414582,0.35867136876805394,0.07993876251967108,0.1200563656933848,0.17830616390934811,0.5797699309914894,0.5714285714285715,0.8571428571428572,0.3571428571428571,0.30468906007700786,0.3457515809534451,0.30686221798437774,0.05650554115632789,0.056505541156327894,0.2036883236922916,0.19383165961235815,0.19383165961235815,0.2685056833964056,0.2567798657424791,0.3771916050111638,0.44346260215278405,0.4910434928906707,0.42147675443571486,0.26025414076225667,0.24960657850130477,0.5010341542171322,0.4292138831613821,0.34512168705877944,0.2834825819384328,0.214803510593935,0.13236981505998813,0.4265431421182946,0.30218705608913066,0.3336268537518867,0.32823458795464866,0.33331059522882356,0.23132729786018302,0.2700772147778969,0.21719388157441216,0.019435614884805996,0.2578061591941734
40,0.5875530559663746,0.4626382433409084,0.5763464740038959,0.029872014944777644,0.02210649763178641,0.3949035917853625,0.07353293655064472,0.1139335789973762,0.165349147848883,0.5592055819543885,0.5,0.7857142857142857,0.3571428571428571,0.2969876625408216,0.37528688796722065,0.2940525995922493,0.04612133451586903,0.046121334515869035,0.21563667410379447,0.2586352079085997,0.2586352079085997,0.23737664677803835,0.5101595714150425,0.7601391170176911,0.43056574696567423,0.47800615152643033,0.4160071591984934,0.2144942122605964,0.2503735191907551,0.5044934154711975,0.4380486211417596,0.34943269166814606,0.2807741965612145,0.2092268422332637,0.12774134547312244,0.5865283215867643,0.2964939637147035,0.3342360295157496,0.31805084628960856,0.3299908852329949,0.23004393095989428,0.2668263946332575,0.21131555464942237,0.048365675399916264,0.33234737644044277
41,0.6120417715705262,0.5108506705424531,0.5225002013769999,0.08015986262744863,0.047450980086442635,0.4327627437712729,0.06758466957940598,0.10492288607598373,0.1672704336791922,0.5803341275478568,0.4285714285714286,0.7142857142857143,0.3571428571428571,0.2891400107750956,0.38713550402186997,0.27045529127713874,0.03153921900191092,0.03153921900191093,0.21963478272911893,0.222733724803219,0.222733724803219,0.24530254830213835,0.5847995644598196,0.6170679713506041,0.41742905130557,0.46454253393302714,0.4109780254153374,0.21676777181192985,0.22822352534274443,0.4879165335666422,0.4278015748087327,0.33972931962412733,0.2678557574297198,0.1961535114981281,0.11785127598751544,0.43932436982315126,0.37903844042834045,0.3085269074141985,0.28944860720269894,0.32738402388019594,0.21068247669440154,0.2637056072944037,0.20474536304078617,0.10964601530416301,0.44491197352107253
42,0.59016002260623,0.5603527459607154,0.52077651571332,0.15112023050079057,0.07682717581954097,0.4719989596457902,0.062061278820398545,0.0890629048712951,0.1694497777531777,0.5739652092294564,0.35714285714285715,0.6428571428571429,0.3571428571428571,0.320041848535122,0.40931221248425725,0.29876172485516544,0.04971056095061416,0.049710560950614185,0.24033983325494454,0.2523668910034541,0.2523668910034541,0.35235917760788743,0.608462561532387,0.4481805962288661,0.4102195173426001,0.4521066942290437,0.4231035725409945,0.27975576467320445,0.20939427721369727,0.5419426012997333,0.47636583484951656,0.37691325509414586,0.2913299934475386,0.20970285151060963,0.12635702674809224,0.49404965069959594,0.5516280332044552,0.276366120410386,0.30633270371992616,0.3360708673352484,0.22088298524451488,0.260709651449104,0.20371643390821953,0.17841481306962664,0.5433286372402059
43,0.664472412323508,0.5243358733189094,0.6141504395054311,0.05342540002625989,0.034468118862739955,0.5084325886721277,0.05693241597274879,0.08250752773630692,0.15712536070386762,0.5478087497543367,0.28571428571428575,0.5714285714285715,0.3571428571428571,0.34437878851820397,0.43739880733505776,0.326306568268107,0.07649738993057215,0.07649738993057216,0.280550897833331,0.3723158756588315,0.3723158756588315,0.5767984089518354,0.6884161891931564,0.9999999999999999,0.4076702365179705,0.44156930008955275,0.4455011074507448,0.3310251912781682,0.21585310765944435,0.5690200824906708,0.5094195380965405,0.4081512185064611,0.31294093081385554,0.22264748848307647,0.13458600029072443,0.5315113227611925,0.46756635046451667,0.27727407657193925,0.2899331202988993,0.3328979721675118,0.2215577790474157,0.2578335338376163,0.2061179996237757,0.1852107426947579,0.5520987413073138
44,0.6636877105026779,0.5165228180718469,0.542581855402936,0.06703390930067935,0.03871290565253031,0.5438140862536647,0.05216990047135975,0.07572989210231974,0.15085162154004234,0.5405028259082779,0.2142857142857143,0.5,0.3571428571428571,0.47323697584649377,0.4408943052008751,0.3121929352570163,0.06144041740877848,0.06144041740877851,0.37980839732325156,0.5033445203526974,0.5033445203526974,0.6160766203379577,0.7318267740033378,0.7472997257811487,0.40479059544088675,0.4324743701113038,0.46251905203222093,0.3430194834502258,0.2188750122830716,0.5398009285976317,0.4933092233292333,0.40278735369610175,0.3085345920014202,0.2173438814966815,0.13032316976442715,0.5485753659927579,0.4849188108589386,0.2795634930807358,0.2575599185536852,0.3308099064149985,0.20686709051273766,0.2550724609305881,0.20656092053809488,0.22176209355235182,0.597010465322038
45,0.6135009146521111,0.4983524482788315,0.557118872164375,0.06303735827493319,0.037587691147167035,0.576668334007949,0.04774756464864134,0.07210482379693268,0.13985564422024188,0.5255358421975778,0.14285714285714288,0.4285714285714286,0.3571428571428571,0.4134063696730563,0.4466289060409552,0.3154038832377273,0.06460317766651724,0.0646031776665173,0.5042703516398211,0.6042331801593885,0.6042331801593885,0.6378456016349432,0.8506968304083963,0.8047907654440417,0.4037532345928164,0.42495886148848905,0.48115279408265443,0.35348906864657387,0.23039998943730733,0.5471876222265073,0.5023223921978675,0.4146678706965421,0.31713222372887984,0.22144423745154995,0.13251822416172843,0.530391315635871,0.50228507413755,0.2910673908237671,0.27348212514471193,0.3239596014135131,0.21783902070538375,0.25242183093984105,0.2076922715199767,0.29790480248027074,0.6804831189047599
46,0.6392653788657814,0.5637569038409151,0.565434474013417,0.06805004174556177,0.042402519216304696,0.5956363605345922,0.05810000200148426,0.10330588638917494,0.1296450938518558,0.5048468181303323,0.07142857142857144,0.35714285714285715,0.3571428571428571,0.37062643283684443,0.45995257979681514,0.3163145040795116,0.06552719137122182,0.06552719137122183,0.5946554852934893,0.6278436130161212,0.6278436130161212,0.6436092681595468,0.7297780793763885,0.6372437469039763,0.40400174036770886,0.41900384368166516,0.4995631968780819,0.3114332084428492,0.30635900866593363,0.5490956843278321,0.5067536543832869,0.42321442228541795,0.3240409780249607,0.22466549323637608,0.13416028120224155,0.5114511506049038,0.5320732479070349,0.3862967720200112,0.26236939606262233,0.32000372611194194,0.2043060167223345,0.24987722614872387,0.20898945657265056,0.37639678684763583,0.755178989812078
47,0.6369364348706907,0.5077824168419327,0.5551216273212516,0.03460120123542342,0.02686507697366737,0.613249528023618,0.053254087498042675,0.09956735559550554,0.12016386850978297,0.4927010311887696,0.0,0.28571428571428575,0.3571428571428571,0.38496792706394783,0.461093945723905,0.3163430562092289,0.0655563600207752,0.06555636002077521,0.6147757113828806,0.5602263950583238,0.5602263950583238,0.42473898343786554,0.5786950066781837,0.2940505076865336,0.4051956572376645,0.4145155485998223,0.516867339830672,0.2630358376627342,0.4319613904391275,0.5494200110365632,0.5091506322443391,0.42983088510827816,0.33005172906387337,0.22752406775131107,0.13559684548816975,0.5279566432340745,0.5144574598085825,0.5139780221483532,0.253434039645807,0.3235707086961135,0.2041996899084353,0.2474344055492514,0.21023250351831385,0.48072926990001263,0.8396637823024871
48,0.6363941306782239,0.5224659938486789,0.5246570720301382,0.10792408423022132,0.0649221235038571,0.6349570295571539,0.04875430974484691,0.09157522043606513,0.12431195899315033,0.5248920025474246,0.0,0.2142857142857143,0.39285714285714285,0.39891988065766654,0.43282061485265255,0.2859374679165239,0.04050368048472719,0.04050368048472718,0.5341477033942363,0.37628980478188717,0.37628980478188717,0.11735698074965616,0.3104314181968368,0.0,0.4038653407869797,0.41061769370834933,0.5238332518501002,0.27116664368670307,0.32711248130419224,0.5149282753859938,0.47923914611537555,0.408869732903959,0.315053957261318,0.2154735771701084,0.12680677563905363,0.49665353812317115,0.47202920699989726,0.41138755212290423,0.24350493678031881,0.3165138439137003,0.18891612249579737,0.24508929777375782,0.20809228202239766,0.5491808752576064,0.8866145987996912
49,0.5956551132457819,0.47656658223563486,0.4969350307783875,0.1539073997234575,0.0732209302054345,0.6637360550403802,0.04457594468830799,0.08038114813646051,0.13962274500195232,0.5940947094107955,0.0,1.0,0.0,0.34066217407214944,0.3015268828473718,0.2526669903312813,0.023578939168452107,0.023578939168452148,0.38930104414538924,0.21834774123435546,0.21834774123435546,0.1966778190548151,0.09801683589551162,0.0,0.39996587870393535,0.4065988810806965,0.5224062132405326,0.28191686833002333,0.3267189579543346,0.4904680359458444,0.45285945838377994,0.3862683171294128,0.2971736817831836,0.20091639577768206,0.11617599155893643,0.46088868973902875,0.4558404143805035,0.4124459577167654,0.22883730632194066,0.31082396227809284,0.17936886681953013,0.24283799430928393,0.20313621015377942,0.6388499266068892,0.9378287164682038
50,0.5869832979115346,0.530588985269115,0.5665493794949918,0.05314379149413147,0.037295258514803885,0.6904594358462335,0.04069603427866471,0.0716521142925154,0.12942883029201546,0.5560125601608142,0.0,0.9285714285714286,0.0357142857142857,0.4038776381927533,0.3267638573654347,0.3121523008055203,0.061401329316789155,0.061401329316789176,0.276310697522715,0.24079147862241612,0.24079147862241612,0.48824842385462497,0.3113954442906835,0.93418633287205,0.4013984995463379,0.4037146756381871,0.5357921140603422,0.3843567073718887,0.3611673537557789,0.5574344683686943,0.5067931483380628,0.42762202599794996,0.32734881178839537,0.22033034170787502,0.1287268870184768,0.49148506015004756,0.48087045915394544,0.4468408434356972,0.2431152395952978,0.3077293651262849,0.1885213404391024,0.23949405750427688,0.20371992791721294,0.6951580909181428,0.9635071150520206
51,0.6818598505816571,0.5815208775382663,0.6005907752333057,0.08044339428031914,0.044308288550743515,0.6967561184308667,0.05883720951815526,0.1262019084307866,0.11996305234707409,0.5272992700422082,0.0,0.8571428571428572,0.0714285714285714,0.5055381261575731,0.4813792736895917,0.3592499110150911,0.12538229789538807,0.1253822978953881,0.31842025287838915,0.4953376942543643,0.4953376942543643,0.8376509066440414,0.6447287776240164,0.9999999999999999,0.40645535793178905,0.40257512522470507,0.5563752546301686,0.5076386859999326,0.4047812324370042,0.5855444125266223,0.5381261935171677,0.45775426927658813,0.3519374156599753,0.2367891716567918,0.13946368707279788,0.548604036947185,0.5035133625184383,0.4894366231017502,0.26724795050320793,0.29996409681259806,0.19787329310313595,0.23635075690757024,0.20730101079047847,0.7505999200391993,0.9831415588266591
52,0.6735068161820172,0.5445318986754799,0.5789165909534078,0.05616398281613742,0.035486739949505054,0.6977263235232106,0.059868451407249605,0.13736242346072247,0.11117340139819996,0.5087836732915846,0.0,0.7857142857142857,0.10714285714285715,0.44222855861631255,0.541914512735132,0.3588947680362605,0.1247358440120035,0.12473584401200351,0.4968979275962411,0.722921829316065,0.722921829316065,0.8406766689607014,0.9769514171221267,0.9966679184943326,0.41135461192696177,0.4027949022043584,0.572412365891596,0.44640016093198526,0.38957612755126997,0.5670459637068608,0.5296361360449233,0.4580011657696419,0.3554966404470363,0.23912031708145065,0.14072308862666105,0.5838950725697574,0.5032339891164019,0.4748255465795941,0.2637898004064745,0.30359731102905485,0.20138976020673027,0.23339605434666594,0.20976234146465977,0.8062683083195233,0.9960278047771025
53,0.6359282292695245,0.5127574997925515,0.5452550797732161,0.06374019208935224,0.03867284634480322,0.7006767516733451,0.054896219089110486,0.1311072555381924,0.10700750889493638,0.5120293882759948,0.0,0.7142857142857143,0.14285714285714285,0.46417787208825784,0.5119668003245184,0.3519392900483995,0.11263983322848559,0.1126398332284856,0.7042768637147603,0.8270722991495492,0.8270722991495492,0.7829648493723241,0.9760256649741481,0.9314090764281143,0.41551306043907543,0.4039310619611601,0.5832236926031746,0.48023005263827195,0.37167186932969165,0.5519153745935315,0.5185015742439631,0.45350811671324553,0.3550882220590026,0.23875300449742554,0.1401695519472419,0.5461165649930244,0.524558552766976,0.4570489416358088,0.2245662392336456,0.30603394081699165,0.20834167536129655,0.2306186339394159,0.21084781255385204,0.8583199686332077,0.9999540220212568
54,0.6286860442997575,0.5356475069242914,0.5579392734998634,0.07244221847405118,0.03842249147855229,0.7015996788008091,0.05228059054808544,0.13128962727619142,0.09914325390692924,0.49448388165633805,0.14285714285714288,0.6428571428571429,0.25,0.4363024445761268,0.5251437538825722,0.34590581948271115,0.10298640019301736,0.10298640019301736,0.8049013527848147,0.7798131049267346,0.7798131049267346,0.7039207293681945,0.881582857982438,0.7166715790248692,0.4191460448309475,0.4056789790154889,0.5904411001938527,0.5372923742617517,0.38025042770259865,0.5455120637114672,0.5121330798627741,0.45067668066738786,0.3553694143042474,0.2388662897033349,0.13994546914778638,0.5151954701479879,0.5514609515198936,0.46567946517790215,0.21427913898427242,0.31410858614593096,0.20943516523669814,0.2280078587566009,0.2110963770351768,0.8983811960352386,0.9953481354873855
55,0.6300597847747829,0.5182585572934264,0.5558149276107116,0.06446191244456441,0.03899589650296624,0.7024566825620258,0.047850348291315195,0.12717893037632905,0.09184073141806547,0.4832327331078706,0.07142857142857144,0.5714285714285715,0.25,0.4820439263481667,0.5073943190445239,0.3429183459823353,0.09848183541984423,0.09848183541984423,0.771235247061628,0.6277444093872506,0.6277444093872506,0.4103651931297277,0.5493602184843277,0.0,0.4225870167403654,0.4078719591881757,0.5956918784710432,0.5414703218489165,0.3772479921874317,0.5451195836805285,0.5104601543153136,0.45053583950944454,0.35733513122044513,0.24019705983370798,0.14055969548441993,0.5133657032702281,0.5219313365768619,0.4626967741073207,0.22573512825951347,0.3157602725225388,0.24892963385009637,0.22555373008475477,0.21104193283786232,0.9253805277964133,0.986601027625762
56,0.6334511734912114,0.5167894245453692,0.5217808423642372,0.11420514234623542,0.07431533241434907,0.711233909865918,0.043736551910028544,0.11702755695067897,0.09912843232017202,0.5356622078202825,0.0,0.5,0.25,0.5064282755150187,0.41261594545478575,0.3208415278811132,0.07030455757129189,0.0703045575712919,0.6359016993772613,0.4444709372836904,0.4444709372836904,0.2643526657025235,0.23889052634162333,0.0,0.4244001707815485,0.4100450670484894,0.5954574283406636,0.4371860708053186,0.36591603075893714,0.5293607368067432,0.4951607201222421,0.43833597194415397,0.34961062377234775,0.23467709112322765,0.13651771295834436,0.5035233005522781,0.48564721421567114,0.4515051373266923,0.227388233888286,0.31010760987972574,0.2397952127264631,0.2232468491332194,0.20933856390326122,0.9383936779169507,0.9800081319258358
57,0.6150399928351808,0.5389734917522162,0.5631883902516903,0.07120701167018202,0.04144804850360241,0.715854778019518,0.043346136098319714,0.12009889262100464,0.09182696851607662,0.507130086221495,0.0,0.4285714285714286,0.2857142857142857,0.46785517157221995,0.4830954055174438,0.35958735511952833,0.12599918300353669,0.12599918300353666,0.5083594375105795,0.41923848081761317,0.41923848081761317,0.632520001281201,0.33333333333333337,0.9999999999999999,0.428360390846303,0.41269811329603745,0.6011196590538644,0.4292443985076249,0.37753977121605686,0.5587990193463916,0.5189374680087222,0.4572785401913526,0.36537472254712,0.24565628205929002,0.143670704832644,0.5241808182911698,0.49991738679919173,0.4629183718271568,0.31442695140520804,0.32220156064794025,0.23706465825327427,0.2210783810387762,0.2100402838404285,0.9302342395543504,0.9843590066912293
58,0.659195571879676,0.6201260736058214,0.5815110019052117,0.08903037380163059,0.05589658448286759,0.6849041481956305,0.07849798266112137,0.23820117074619945,0.08504703784084518,0.4583818673745905,1.0,0.35714285714285715,0.8214285714285714,0.54605538516764,0.7242860580647693,0.46560124220601257,0.456224817083023,0.456224817083023,0.4999183243240377,0.603880545208008,0.603880545208008,0.932850106585691,0.6666666666666662,0.9999999999999999,0.43775626195174944,0.4169904013011536,0.6204591519407563,0.5276012766704086,0.43653970143181053,0.6147776494895631,0.5724157001594485,0.5049005340700701,0.4052002103814285,0.27443513627208205,0.1630986501833931,0.5774561538703291,0.5490855077315784,0.5201466659188165,0.4459253055438239,0.34032164051508573,0.25128917363537084,0.21904002102999953,0.2160879999515566,0.9416140479270649,0.978065797448013
59,0.7070552988091854,0.540251616319237,0.5888999753124888,0.055317053013454194,0.034494818239519685,0.6528538414117934,0.07636590378299019,0.23726985338042889,0.07875138792813026,0.4324250517251375,1.0,0.28571428571428575,0.8571428571428572,0.5026747541795158,0.7287448063090247,0.4422785098265318,0.36290404388851233,0.3629040438885124,0.6156657105288416,0.7717002780651494,0.7717002780651494,0.7392351302566172,0.9462955272967368,0.8388865818902127,0.44429083766657457,0.42193330473706153,0.6281350011178578,0.6068452016080097,0.4547577550147291,0.5662137239530058,0.5382912690575967,0.48452012471960515,0.39470102602578727,0.2687819109386851,0.15943287649085036,0.5787562100158934,0.541273815759796,0.5355046748676431,0.3724445030116552,0.33371494976281113,0.24566466353807925,0.2171239626217495,0.21844936357003758,0.9336413919786186,0.9826359919501093
60,0.6186779999749232,0.5045996909944126,0.549248795675741,0.06282634037200736,0.037346854885982446,0.6251096207383386,0.07021528200944105,0.2262926274390505,0.07523418819337671,0.4292652994486185,0.9285714285714286,0.2142857142857143,0.8571428571428572,0.5556976067688337,0.6879261959174747,0.4585740359454265,0.427460997328136,0.4274609973281361,0.7645779710425861,0.8402282106070115,0.8402282106070115,0.8264347033381908,0.9301142154049163,0.9514560643245383,0.4508404923502656,0.4274001828041746,0.6343167638787915,0.5350802515300884,0.4357721366962866,0.5673165012702595,0.5386963041255202,0.4875281512536267,0.40070431552676666,0.27447672051054894,0.16342804433210034,0.5700829399089948,0.5498994020861616,0.5187184162403993,0.39785165699934844,0.3311796338326758,0.25027331293014754,0.21532286771799447,0.22070861252124702,0.9615386240296706,0.9623403053176607
61,0.6471004475885012,0.5413428235935442,0.5601113629437813,0.054969393379908596,0.0338820901784231,0.5952926126694498,0.06913361637325405,0.2324688919158533,0.06963945611262382,0.410758174921778,0.8571428571428572,0.14285714285714288,0.8571428571428572,0.526208158269583,0.6599991909085732,0.4309275770259124,0.32054439436011134,0.3205443943601114,0.8117211078789341,0.7371588687636897,0.7371588687636897,0.6411929680524602,0.8210918155004775,0.6729328002866828,0.45483162769193713,0.43269538468768054,0.6322913577320837,0.525384980658982,0.4049982229056779,0.5416434019262657,0.5149007845662852,0.46921427140942384,0.38952980029502093,0.26800424064127526,0.159195841114105,0.506392224082449,0.550082301480864,0.48974050595712004,0.399847905603794,0.33083100298547663,0.24317655439118369,0.21517216367114017,0.22036781828286056,0.9848439184265251,0.9292291823460616
62,0.6167743571612323,0.532800892278499,0.556054169358837,0.08415289827711836,0.053229228626274216,0.5668986568801022,0.06427035672580778,0.223680255820063,0.06444434775192472,0.39267301762719053,0.7857142857142857,0.07142857142857144,0.8571428571428572,0.5857693778456814,0.6547735808622309,0.4641584909198529,0.45028907628913145,0.45028907628913145,0.8016565080111183,0.7432466560183661,0.7432466560183661,0.7564618494627712,0.860926479722617,0.9583905745566313,0.4600809598551544,0.4381438093846689,0.6340990541855033,0.5807853768014084,0.4164553205129837,0.5635776379003223,0.5309617970703391,0.48176538687623527,0.40141658022715987,0.27765212832897035,0.16587691587436026,0.5340890395038067,0.5492143982637119,0.5007655775908004,0.42751684622540864,0.3383396265573957,0.2697987545461089,0.21348817670442166,0.22167914801696975,0.9998627804447422,0.8617815234932076
63,0.6573967535848289,0.5581802176895425,0.5536403131169625,0.09550938083849313,0.05812814807700371,0.529246688513321,0.0712965613982954,0.25239423460155486,0.05962031855984698,0.36274245843292097,1.0,0.0,1.0,0.5361922599624385,0.6404382380510435,0.4442346960472355,0.3704468573692011,0.37044685736920113,0.6988751965818782,0.5496552492086985,0.5496552492086985,0.2786256774441473,0.6772557809614853,0.4004439680411423,0.46347504356094,0.4432863674667613,0.6304904923636685,0.6763239729951389,0.41337222164651444,0.5453426369139285,0.5149200013345809,0.46895784775883254,0.39368770417943466,0.27357419554624585,0.16331658815981598,0.516702188926125,0.49783057352891724,0.49762374201130744,0.4105964610486357,0.3304684941310896,0.27082785396834197,0.18710571422583222,0.22126846863594374,0.9864712584519171,0.7622942374956233
64,0.6230641883386068,0.4928032198487755,0.5576118059489259,0.06779064356870011,0.038030344107389244,0.49428414645845287,0.06550803550936729,0.24419344273739252,0.05514086288148908,0.35220468082623235,0.9285714285714286,0.0,0.9642857142857143,0.522586227100549,0.6109290939233147,0.46388875044430283,0.44918082700171824,0.4491808270017183,0.6114163160042521,0.48990393908206203,0.48990393908206203,0.4721136295849897,0.7835724625658803,0.9918828450998681,0.4674015315899455,0.4483071839283623,0.6290542056215431,0.5992479560629951,0.4230327841389703,0.5574483593686916,0.5236557254913934,0.47524491548337444,0.40015331728283954,0.2794050539850197,0.16746602855433323,0.5392436874361435,0.5161804153238023,0.5066703162670683,0.4043621482548527,0.3264886395722293,0.2813160376143813,0.18769749409738873,0.2217958291330811,0.9670134277090325,0.7039344383754559
65,0.6479128845033644,0.5354332457745721,0.5367093267217964,0.07321409692088099,0.04306152051852518,0.471167283960943,0.06013297575536263,0.22551535377646986,0.05887127682272391,0.3829739649045242,0.8571428571428572,0.35714285714285715,0.75,0.3829102779157098,0.5586126469123328,0.42596646155083623,0.3028715136280003,0.30287151362800036,0.4534395355802927,0.2966306294115897,0.2966306294115897,0.20955294866639623,0.46410893771367023,0.0,0.46880265578379393,0.45264740802671855,0.6210246937407758,0.5167954542948919,0.4116291420200081,0.5331946402501342,0.5017785736744504,0.45650501724448844,0.3867282868813344,0.2710233447843251,0.1619782611496028,0.5070038030183173,0.49432443284005156,0.49571386161655706,0.4037889845203413,0.32563094639395374,0.26405354893428523,0.18827743837151412,0.22003560978783565,0.9684915751031293,0.7077472767615374
66,0.6124928028581096,0.550345837974954,0.5588599804741119,0.07787417253142252,0.046920020128347444,0.4410531526561189,0.06386111685551871,0.24051327094027597,0.05444532412558909,0.35148690479369205,0.7857142857142857,0.28571428571428575,0.75,0.5098078273864461,0.6106798298870058,0.48865351603195556,0.5516021197166767,0.5516021197166768,0.4205585067066935,0.4566973193986393,0.4566973193986393,0.7315692195410298,0.6639609483666226,0.9999999999999999,0.4731539564587669,0.457124462111127,0.622638990429933,0.5225848398569417,0.4433998924589075,0.5728726108863373,0.5344775646944866,0.4819050994322218,0.40746649581080696,0.2868805151005063,0.17294648986210248,0.5429560344341642,0.5297386969268452,0.5249873510617222,0.4178084368857,0.33937640879585373,0.2790595159615634,0.18884578376015698,0.2217979793225529,0.9482897662059726,0.6604029911448984
67,0.6733383415704228,0.5385226753113921,0.5802061225282578,0.07318943261329319,0.04202114819379258,0.40973091326244615,0.06199597266655366,0.24274231938217655,0.050335510906821035,0.3353927116202888,0.7142857142857143,0.2142857142857143,0.75,0.42214348972309196,0.6317645584122614,0.4733578797259595,0.488307866520201,0.488307866520201,0.4251549817903514,0.5028986300281051,0.5028986300281051,0.602850294956915,0.5853333598534126,0.7560000795602382,0.4760340711326395,0.4613712294161664,0.619922106534685,0.5929843149432373,0.42592799631041384,0.5534973496653701,0.5205176884997167,0.471909699104641,0.40143628096725337,0.2840733052112654,0.17136810970897898,0.5280146024297543,0.5108982645795823,0.5089861837611531,0.41372776784831444,0.3389643478745832,0.27313069476705465,0.189402762241027,0.22208482286352188,0.8864127479997728,0.5488613601698141
68,0.6273397241740826,0.5150749282228877,0.5571442302273517,0.04201602616710543,0.03113559761420201,0.38064597668260713,0.05687177454417854,0.23680980428697684,0.04651925577510784,0.32805625564847196,0.6428571428571429,0.14285714285714288,0.75,0.4640461092798884,0.6155738104343585,0.47317803980480416,0.487561902412254,0.48756190241225406,0.5542256359209192,0.6615261700387052,0.6615261700387052,0.6584241026355901,0.8363771021632781,0.7531312269295972,0.4784588611981875,0.46532861615750926,0.6165080443151412,0.5393365209031402,0.38883812184894684,0.5515132918496706,0.5182322377058148,0.46976732582081127,0.4008253044024528,0.28491150710773994,0.17223932551773302,0.5451054222976768,0.5191039911949495,0.4741046926026842,0.41365648059696625,0.33594963153280233,0.2715991740208068,0.1899486011522796,0.2221522531819099,0.7765970011314571,0.4010535624905054
69,0.6361729593768852,0.5363883481679399,0.5528963479960263,0.08034755351422757,0.04785013475132948,0.35098173172007374,0.05451988387649028,0.23930339570684467,0.042975590295659886,0.31697456082520414,0.5714285714285715,0.07142857142857144,0.75,0.40688748846992745,0.6106231390320228,0.46559564755229427,0.4562017746043363,0.45620177460433636,0.6097127545768275,0.6135649071254878,0.6135649071254878,0.5958523860817381,0.7137687546582596,0.632174957484944,0.4801795437848319,0.4688918942247161,0.6118584178247671,0.5394227890412353,0.3959877869638333,0.5471978339432271,0.5136765378342836,0.46540631300077706,0.3981445517630604,0.28416354175649516,0.17203060477984167,0.5159121408428904,0.5093096991718289,0.4810262565598249,0.4283983894065404,0.3338885593885621,0.27393223476197903,0.19048352328530715,0.22176918705516357,0.7086037603762134,0.3261905357611934
70,0.6322826659856338,0.527560112676662,0.539082216533731,0.10655732974783594,0.061216635386702654,0.33379630734925236,0.04992969209626255,0.22230124084996522,0.0465905341443161,0.35225152175214414,0.5,0.0,0.75,0.5595100738828034,0.593567835673036,0.48920051886300236,0.5538470324127152,0.5538470324127153,0.6685648247222215,0.6692792693561159,0.6692792693561159,0.7605062106033942,0.7951020614715134,0.9999999999999999,0.4826213692919929,0.47230642368362885,0.6101035072761806,0.5420436434571263,0.3964174359335833,0.5584905755300755,0.5229172483735232,0.47240748005538347,0.40430121962024934,0.28973642349246376,0.17614089690589196,0.5308310405284371,0.5316471165275409,0.4814755622893747,0.45262857374940424,0.32804201360895746,0.2781752881180708,0.19100774697567416,0.22240943644727823,0.5868693929650031,0.21324846730498193
71,0.6479517422059113,0.6236017497123201,0.5708620258719015,0.09171616953037998,0.06255239333540577,0.31697972360926974,0.08782671980560777,0.37622957939945395,0.04304177735278183,0.3005202504100025,1.0,0.0,1.0,0.6002757151265707,0.9549269278470212,0.5823656121911174,0.8535918269538139,0.853591826953814,0.6890873576351851,0.7195454060358993,0.7195454060358993,0.8006630781345476,0.8773916524949809,0.9999999999999999,0.4890017150739178,0.47651150293837363,0.6194302780728873,0.5504662192267218,0.4351997015579538,0.5993881270832428,0.5612692806231387,0.5058368408115204,0.4324742574056675,0.31169438262836024,0.1915762805723631,0.5691495479059134,0.5420140554244472,0.518595583098258,0.45702997139393275,0.3470696537830449,0.28511889136400015,0.19152148619223383,0.2271218279246756,0.47257367120380556,0.12758476114264872
72,0.689329606149097,0.5764448983564137,0.5995283506606144,0.06790649399962417,0.04078651672868459,0.31577931781374247,0.10243180358154277,0.4272396215840404,0.03974650318921429,0.2659979249737103,1.0,0.0,1.0,0.5015070408508873,0.8981184316408043,0.5865842860326511,0.8621338796563669,0.8621338796563671,0.7288240055575207,0.7259043519357855,0.7259043519357855,0.6138464076994145,0.9999999999999994,0.9999999999999999,0.49424922498219126,0.481087408706899,0.6238052256316712,0.5474214816980866,0.4251241210674075,0.5763480951150539,0.5471515240679459,0.4991093891216112,0.4304252396072492,0.31259084586477925,0.192876556416671,0.5733459580481313,0.5490728610168496,0.5091913853409649,0.4433334248434857,0.3297912850965794,0.28917644346179117,0.19287818255167208,0.23023965842272348,0.43313302326881964,0.10233965611494622
73,0.6388277743465829,0.47011152997481664,0.5256379519572205,0.06056452251682567,0.036856253596034956,0.294996657628458,0.09441933182238274,0.38846474649721907,0.05005132155122593,0.33836333436790106,0.9285714285714286,0.4285714285714286,0.75,0.36557621254650147,0.643029284445544,0.49697561150305675,0.5854769309889429,0.5854769309889432,0.6935234577386205,0.569481119516568,0.569481119516568,0.31787262479027717,0.7531209661361635,0.25936289840849136,0.49487621496597367,0.4848929282888351,0.6147163416358141,0.46796771622748884,0.4100721825979724,0.5280377241229508,0.5038501841778382,0.4641413776001615,0.4043589509937746,0.2955502390750375,0.1818307567683135,0.5349839569372108,0.5228481208881366,0.4944152361141265,0.4261324352298548,0.30243945246008863,0.29904988240250674,0.19518534410998742,0.22859426971592395,0.4055091963514652,0.08600163457067383
74,0.595831991088372,0.4930376033183643,0.49720135282335587,0.0824316015507868,0.053105364223166654,0.27717420494533135,0.08697917947459127,0.3302799597622367,0.07219871909331123,0.4658376199541414,0.8571428571428572,1.0,0.42857142857142855,0.25878009108341143,0.4027539765496041,0.3848152438313898,0.17985561316508336,0.1798556131650834,0.5470468539478877,0.3054415193741443,0.3054415193741443,0.05350555427977228,0.41978763280283066,0.0,0.48973195939937525,0.4867493468015305,0.5917211817758463,0.45983903353846883,0.3679979273477499,0.4818311533752282,0.4551326301377654,0.41852402662339916,0.36667215995322167,0.2687040457879242,0.16374931982787544,0.4501493690093996,0.4832741010498314,0.45413868081391495,0.4011941689181846,0.2961803284268498,0.27728519245957983,0.19735407597480384,0.2217631715425165,0.3841785807495045,0.07416416212091098
75,0.5689558108302248,0.4429205324855845,0.5587291699763726,0.04067463187520351,0.03007662297755275,0.2606247845967137,0.08007046658021347,0.31881585695011183,0.0668208062339916,0.4510195151071892,0.7857142857142857,0.9285714285714286,0.42857142857142855,0.3067849020915912,0.34562942613080994,0.41062541993742246,0.2519069050302737,0.2519069050302737,0.3380201621745711,0.13496516274593223,0.13496516274593223,0.13144644790015197,0.12909410159911522,0.12791940638885244,0.4868380509131202,0.48756617207733705,0.579456239208803,0.46177109809389794,0.38759873158737823,0.5265538630551339,0.4846505760007438,0.43495771963879193,0.37657368454076057,0.2755863752781629,0.16852545774506567,0.45628756784519053,0.48428077893479493,0.4729800696374431,0.4091815385000732,0.2921456695786979,0.27930371096015705,0.19939268392773127,0.21845208536144262,0.325464177947393,0.045270453240362774
76,0.6504162046797626,0.5394257776015006,0.5611657518827409,0.056008672665757125,0.038166505705431786,0.24225086095152493,0.07735003620711497,0.3246613719791995,0.06182703000748051,0.4371199472731648,0.7142857142857143,0.8571428571428572,0.42857142857142855,0.31678339020387253,0.37661699597313636,0.4049778485152257,0.23464120509650355,0.23464120509650357,0.1584350312741064,0.06177614296762738,0.06177614296762738,0.11076836178798564,0.07594951185823623,0.09992912918585413,0.4843280924159725,0.4876399908882994,0.570690376470481,0.44947939247234464,0.36674816548612266,0.5349167684386087,0.49143486004646464,0.43712153833475487,0.3762885265627265,0.27532119054729165,0.16846921088580302,0.4829146863793561,0.4488141747451513,0.45268911851124916,0.408843686586966,0.2855484746907244,0.24228440831969067,0.20130897540348305,0.2160867182919906,0.21539244256674328,0.008063979105253749
77,0.6325738143700945,0.5252077101651933,0.5222131837045154,0.11648688466271405,0.06215524719229881,0.23961346324074861,0.07112911926041404,0.2943402871940327,0.07129462853723192,0.5041211080627259,0.6428571428571429,1.0,0.3214285714285714,0.2708368103774757,0.3281559845007027,0.36177828999301564,0.1300676668056438,0.1300676668056438,0.07951361574056912,0.08232285012935073,0.08232285012935073,0.11164693473195322,0.07594951185823623,0.0,0.4801301924074524,0.48672959696753,0.5590788035974519,0.3765134275179562,0.35654673947245086,0.5177997773955099,0.47667909012471377,0.4224362328636042,0.3626468631259243,0.26516493159276067,0.1615866914689832,0.511898783725738,0.4286386217476865,0.4428845177665979,0.4056331188870921,0.2822428482127002,0.23160765808871275,0.23133087519026108,0.2123564397658564,0.11996347600349072,0.0015208148821273526
78,0.6073963585652631,0.5617892334106469,0.5659940733320583,0.10152810769703396,0.05670861873930828,0.2257462826234209,0.07899284983529808,0.3214746372822667,0.0659812935747751,0.45445130366669406,0.5714285714285715,0.9285714285714286,0.3214285714285714,0.2515595233503694,0.42953734811217575,0.44625355556099405,0.3782979977215166,0.3782979977215167,0.10700025696809123,0.21267262365795453,0.21267262365795453,0.5002995061994712,0.3666430430619516,0.9999999999999999,0.4805006891361894,0.4860868431046853,0.5622363750615669,0.4589271917187363,0.37916122009974806,0.5713402254301787,0.5229927884753609,0.45815867206100247,0.389004383129782,0.2840749331844634,0.17460619496628738,0.5336172660129006,0.48177245214296427,0.46471550312195564,0.4143288169617403,0.2962518899661646,0.23631852997998237,0.23068338766904795,0.21365975831144957,0.046089961320296746,0.030770453641148332
79,0.681074843577093,0.514302285979066,0.580820041921497,0.04504090600015431,0.03239960137178071,0.2128696149073308,0.07265458905801264,0.31034891876840714,0.06104748253820805,0.4400707220336497,0.5,0.8571428571428572,0.3214285714285714,0.2883724489773302,0.44389067516440434,0.4351909513558169,0.33615585481811305,0.33615585481811305,0.23478555587480285,0.4230378568936521,0.4230378568936521,0.7060425808245804,0.6230144246729246,0.8690432740187736,0.480368730767307,0.48554216599061784,0.563393467709182,0.5254806386228533,0.37772359946067074,0.5546211158390526,0.5146660505241658,0.45409957206289686,0.38593029427544856,0.28225476050178955,0.17359171464991974,0.531331643279962,0.5212093451434887,0.46333342851046044,0.3839949970316461,0.2943241955022451,0.22461810997146614,0.23004884989825908,0.2141013158591955,0.010079584312299217,0.08294017672199827
80,0.6294607682850988,0.5240844681867478,0.5416101042622747,0.08168659566621132,0.047573349608264925,0.20715658597061143,0.06676906119339046,0.29336636794740956,0.06212328342778538,0.462315234142753,0.4285714285714286,0.7857142857142857,0.3214285714285714,0.3664764402195992,0.4360627490612769,0.43465746951039735,0.33418181438329064,0.33418181438329064,0.42909825006416713,0.6316641087954231,0.6316641087954231,0.7020003275485975,0.9105904349499,0.862728030830928,0.4803674653092418,0.4851061320587162,0.5646752213242329,0.45115594878456766,0.3715221318691395,0.5518940379240216,0.5141757336699926,0.4550689926984237,0.38661216124905984,0.28307596837448656,0.17436988778312568,0.5518784295847246,0.5122564676582604,0.45715386289457616,0.3909943727570475,0.30203854534252983,0.264203315596383,0.22942700288288603,0.21447982018472111,7.809932634122996e-05,0.14024443037886164
81,0.6360074457452489,0.5419070713115186,0.5682118861520469,0.06645741734411183,0.04327624715290369,0.19734499838816139,0.06612096367227857,0.3046989773222464,0.05746504454457473,0.44498642870571753,0.35714285714285715,0.7142857142857143,0.3214285714285714,0.4828718592892223,0.46353316652628607,0.42715400805448017,0.3070517861564628,0.3070517861564628,0.5958215620073001,0.684015962362122,0.684015962362122,0.64844047164179,0.8352249916725257,0.7739036701678764,0.4801618545778988,0.48470982185947226,0.5651438751037183,0.43495416776124163,0.34319221433736424,0.5472852695753212,0.5108890752830506,0.4533381412504678,0.3851867663756803,0.28235186436453574,0.17408908992287309,0.5172526598581957,0.5119758447639855,0.42779641564889115,0.3849248426178864,0.29927550715791895,0.2623635429283766,0.22881759280782038,0.2144874756731609,0.004714309215983314,0.19821689908286338
82,0.6321201663558058,0.5205397564423757,0.5581210213295162,0.04428978243410003,0.02961012786668101,0.18823423849017212,0.06070212333520882,0.29911533723458567,0.05313953701016485,0.43758553597128036,0.28571428571428575,0.6428571428571429,0.3214285714285714,0.46009939117099913,0.47136124057377793,0.4395097819011156,0.3523429646183179,0.3523429646183179,0.6824701383664876,0.6680019761826983,0.6680019761826983,0.6607275210592696,0.7611820603891974,0.6469144801687886,0.4805756140836077,0.48448832593467833,0.5672063039075506,0.48038775758496727,0.3446545463230929,0.5532156845644445,0.516198337884398,0.45832132955190286,0.38907559299133787,0.28549601271819114,0.1764665531682965,0.5261092440649717,0.5335332240897959,0.4289284861885774,0.39508557876144756,0.27701035163124743,0.2727557021368554,0.22822037093425607,0.21502062764190932,0.04006661655441651,0.31345260581268913
83,0.6417652891254777,0.5296044865293332,0.550134560034155,0.09128331648388933,0.05171612931749113,0.18227100758979753,0.05567034302221547,0.29062916421767987,0.05105160777750844,0.4438266279592864,0.2142857142857143,0.5714285714285715,0.3214285714285714,0.5023977868258573,0.4707306860644116,0.4387065820671228,0.34930545945474906,0.3493054594547491,0.6936550460254997,0.6632849520815419,0.6632849520815419,0.6886524810684399,0.7852707060060982,0.9349939676816303,0.4809935965762142,0.4844076566718961,0.5688677526936651,0.48668834715126735,0.3650607177090821,0.5511307778050316,0.5151389718302388,0.45847869024087284,0.3894359916545458,0.2861687156504331,0.17717763100412398,0.5260558979698282,0.5057272238687442,0.4502646746617378,0.38647211649060154,0.2726054514620557,0.27076978991402,0.22763509349816308,0.21539623667078406,0.1363621703046361,0.4855287570409639
84,0.6359272609219557,0.541906350742368,0.5600632601936983,0.07203822405783217,0.04882447611090275,0.1714708529020802,0.05581167441736396,0.3084349382192897,0.04718420286931758,0.4304485782289958,0.14285714285714288,0.5,0.3214285714285714,0.5911278240887206,0.4963572788317596,0.459312241514284,0.4304631666651356,0.43046316666513557,0.7190673596897854,0.7558590935182945,0.7558590935182945,0.9103991560647202,0.8606361492834727,0.9999999999999999,0.4821156827076587,0.4846022520750902,0.5721152779748411,0.5577782993661258,0.4052367022811355,0.5575563874930731,0.5212405987598188,0.46442760381805304,0.39448150404080273,0.290315555695706,0.18029713672780545,0.535044513194459,0.5152393507516821,0.48990503845938793,0.39516527291345227,0.28408770116210746,0.26664575717975225,0.22706152161079196,0.21636034573256735,0.23388655076988718,0.6111479437269594
85,0.6446251018189351,0.5346193520998352,0.5388657289649468,0.10194484389283766,0.057580659417492665,0.17089818649569066,0.05112921188421668,0.28301108763556004,0.05048050062783955,0.46375690207873166,0.07142857142857144,0.4285714285714286,0.3214285714285714,0.436217184813043,0.46374333246090527,0.4136098215589044,0.2613635066507968,0.2613635066507968,0.7047819218931715,0.6276156266828548,0.6276156266828548,0.297834716042012,0.6449979892272101,0.0,0.48145560621556077,0.4846054925431033,0.5698577052948388,0.4628071393655694,0.38708146680676536,0.5362475143582741,0.5029371032753929,0.4501561320378249,0.383551466620224,0.28278991223711714,0.17539464142203087,0.5163857119691473,0.5026268391270676,0.47241583568248746,0.3822768324186807,0.28617275811258835,0.27532775072138804,0.22649942116116822,0.21535417409111252,0.392814238179165,0.7695418289388121
86,0.6159660428149627,0.5078477148957661,0.5443888469285236,0.08082013319093989,0.048188545297633306,0.1760926512132298,0.04678121096057992,0.2627938625138922,0.05105897819622417,0.47683855475164827,0.0,0.35714285714285715,0.3214285714285714,0.38700692615283666,0.36908982437002813,0.38172951074108324,0.17241377770934807,0.17241377770934804,0.6259786160864801,0.44050019074882235,0.44050019074882235,0.1591686244345583,0.33333333333333365,0.0,0.4798239690891452,0.4842312801037605,0.5654045806820441,0.35844793166229616,0.38096907870133795,0.5299095357207326,0.4947054137165612,0.44188770940338085,0.37638164283748843,0.2776039912485011,0.17199759407728976,0.5056622431076647,0.4956302741861176,0.4665122040398435,0.3858463817651021,0.33344641748998427,0.27017253935811425,0.22594856272053698,0.21350233838360155,0.5662349011876168,0.897272248086765
87,0.6209696694161164,0.5159672836786138,0.5564179241647669,0.06020655726397468,0.0368285276423566,0.18091608273665893,0.042743781531488646,0.25191051190737646,0.047191046829553614,0.4595255515060327,0.0,0.28571428571428575,0.3571428571428571,0.38123691380657726,0.3627286902075253,0.4049336939084495,0.23450949640812824,0.23450949640812827,0.4418379132987418,0.23527506341632248,0.23527506341632248,0.329669985562182,0.0996965129400584,0.29908953882017303,0.47934490076239283,0.48382127571726713,0.564982313433099,0.37109881955506857,0.40063754721129735,0.5468484667293674,0.5075085310805623,0.45075739773192236,0.38253995585046496,0.2820329841249283,0.17518330413616212,0.5054729288689552,0.49731394161837894,0.4853671530553241,0.37424595980456843,0.4021224681348805,0.2836913891034598,0.22540872144871832,0.2130337417166398,0.7221331555124566,0.9738181926585395
88,0.6446588501903974,0.5327381489478862,0.5420079289861659,0.0743695935290771,0.04198704258753238,0.1926357801899789,0.03899473991876103,0.23112454931756243,0.04900554743146298,0.4812978288622599,0.0,0.2142857142857143,0.39285714285714285,0.53739139662043,0.354779363462822,0.39924831923321896,0.21797975495747351,0.21797975495747354,0.319301226940918,0.2811922609969444,0.2811922609969444,0.4277674216974608,0.17496587730134797,0.22580809308386904,0.4789075213804984,0.483392265278366,0.5647580832891003,0.38811706574205207,0.3761915615484707,0.5461284468387086,0.5076853449543761,0.4508659999826561,0.3823404844885605,0.2819839255257719,0.1753270418180648,0.5184159317510364,0.4959548883980016,0.46176201167585074,0.376888365496832,0.35888658379123584,0.2907004481920339,0.22487967700233608,0.2125968584876401,0.7939782235130517,0.9938605586848503
89,0.6337569773824927,0.526909200041981,0.5656241696179729,0.04980292125494819,0.03421910898565373,0.20351835639663318,0.03551348699265682,0.22090910733580954,0.045284289690846795,0.46316576206257565,0.2142857142857143,0.14285714285714288,0.5357142857142857,0.5094510613101466,0.3965129628316555,0.38450608613780163,0.1790988899875719,0.17909888998757192,0.2837572092325671,0.3400137273841277,0.3400137273841277,0.3256167676359896,0.20399712287258273,0.08709373671370443,0.47820567148771437,0.4828869740634442,0.5638581357868802,0.4477953368106422,0.3764229944120814,0.5425305260197972,0.5048578832970709,0.44844121612438226,0.3801246699923162,0.2804260913913659,0.17442112509065666,0.5249750364755443,0.4866782188594314,0.46202228874214857,0.3743886698629666,0.37068209876377267,0.2723395865798679,0.22436121344488147,0.21187742898700762,0.9124995517989409,0.9914867691306292
90,0.6299009584937416,0.5290709730827903,0.5568537418241426,0.0611408686962984,0.042705397546330896,0.21362360573138356,0.032280894989845765,0.2132473035462304,0.04182883607456034,0.4495663173819763,0.14285714285714288,0.07142857142857144,0.5357142857142857,0.5252788000743447,0.43494603287677097,0.4076593218225593,0.2427354604140548,0.24273546041405483,0.3579884865587074,0.445134246774628,0.445134246774628,0.6271313774585815,0.437633943265858,0.9999999999999999,0.4783822344422357,0.48252351594892884,0.5655314583604248,0.44354549450672126,0.3803235937273315,0.5522769097141902,0.513474302951153,0.455416923008519,0.3853590076505391,0.28431196731197517,0.17726467737282903,0.5241488604274664,0.5040821017920365,0.46580468416471366,0.37886598039374775,0.3791229588633236,0.27565472397764523,0.22385311915857597,0.21205984632207536,0.9286844774945122,0.9851011337389253
91,0.6436149777482825,0.5527677315445514,0.5585085667650691,0.09172587954186835,0.05598646228929866,0.20840809963970003,0.03880149505014622,0.2631572733426563,0.03862020057372291,0.42334088350504406,0.07142857142857144,0.0,0.5357142857142857,0.5138147243728461,0.48864360542100127,0.42537219059376313,0.3007917297475228,0.3007917297475228,0.4536375025267103,0.5516015157357425,0.5516015157357425,0.7290397346598285,0.6956979122379013,0.9999999999999999,0.47910410520948715,0.4823994558748187,0.5683558353494667,0.5154632118604312,0.3852929232368268,0.5556416617560487,0.5178580620990734,0.459970732521934,0.38918381167711935,0.2873544839412503,0.17957626775520907,0.5298942188996554,0.5171988904918798,0.47065665651475097,0.37618447331739624,0.39280192356645216,0.28336339970267943,0.2233551867579966,0.21267354608310335,0.4402206672157343,0.8087465768672063
92,0.6416635338762862,0.528496186638046,0.5590476456432594,0.09554838577092716,0.05639163477479644,0.20356512969742258,0.03533404532894306,0.25069089634309677,0.03564075332294531,0.4055539222035351,0.0,0.7142857142857143,0.14285714285714285,0.5298755763286751,0.5041176576399817,0.4261357536499846,0.30346547248711475,0.3034654724871148,0.5795307628821406,0.6959264606707676,0.6959264606707676,0.73401561549807,0.9999999999999994,0.9999999999999997,0.4798291004997922,0.48246763579992286,0.5706238498630171,0.49383280225036236,0.38253109405092356,0.552858772530751,0.5167168782404667,0.46023327763706234,0.3898620788766749,0.2882017496850615,0.18040486181126525,0.5345977273298796,0.5120812414799492,0.46793541978866227,0.35434521676721253,0.38550070708282647,0.2854256023147812,0.22286721300542872,0.213129236200586,0.26718927813746196,0.648266673104259
93,0.6365508170777345,0.5578696218611725,0.5582989374045324,0.10092969719586894,0.05525283611565295,0.18176478376745542,0.04398557706830467,0.3105915568392886,0.03287412373293753,0.3721082693509842,1.0,0.6428571428571429,0.6785714285714286,0.59775366207072,0.6244298788126164,0.48299621511168817,0.5282773561156369,0.528277356115637,0.6809626865197798,0.7318923550520008,0.7318923550520008,0.7289047045451609,0.9999999999999994,0.9999999999999999,0.4818843522067885,0.4829968126863478,0.5760626128845058,0.5093252851643087,0.39153799029288433,0.5657516219803029,0.5289797247329333,0.4715880041973195,0.3995009896796855,0.29572638732854983,0.1858788406224896,0.54160079085921,0.5243241365097209,0.47674174842602124,0.3599180662927939,0.382810083155281,0.28088426963496715,0.2223889987279123,0.21480548145120715,0.37722297278326705,0.7559117052141826
94,0.6531478364005445,0.5172322276098531,0.5624973793864099,0.05334590265116988,0.03382710597248731,0.16152160540391458,0.04014783577437591,0.29969585033141566,0.03030511054221602,0.35999721339486784,0.9285714285714286,0.5714285714285715,0.6785714285714286,0.5586635099966,0.607557480574013,0.4770132768678211,0.5034767559227468,0.5034767559227469,0.73799980002968,0.7128510926453874,0.7128510926453874,0.67515833784238,0.9735280728885124,0.9205842186655384,0.48346142269494724,0.4837843575725414,0.5791107941980042,0.5124418664435503,0.3862420741872591,0.5561624412955415,0.5225310900480307,0.46838224879171264,0.3981572760348353,0.29545189990854226,0.18604048336262125,0.536347608047052,0.5271072779549675,0.4715386424424173,0.376517682765952,0.38838036954715704,0.28321610980089673,0.22192034873594618,0.21573574838247916,0.650132823666395,0.9433984378566966
95,0.6345043306829401,0.5511920485489834,0.548676306200129,0.092556746401097,0.04955942549641643,0.14516168800235896,0.045547619704247554,0.33491482752992796,0.027919598293688903,0.32679161979869137,1.0,0.5,0.75,0.5772419109743372,0.6520948044568078,0.5152495034200242,0.6567076799215447,0.6567076799215448,0.7543487641532697,0.7421466037602703,0.7421466037602703,0.8169136411459248,0.9735280728885124,0.9999999999999999,0.48570711329539834,0.48493300574812787,0.5833710288244128,0.5231942645363198,0.402994655107822,0.5626607084001098,0.5285409792924476,0.47458955623693644,0.40409744991973007,0.3005232809055869,0.18990999502761952,0.5443686957365639,0.5297347155284742,0.48786515340340575,0.4094067067869016,0.39063970726330766,0.27921596875901855,0.2214610717438194,0.21722537072754328,0.8668825316082729,0.9996305967607779
96,0.6476087862769617,0.5238100546208186,0.5726943531571795,0.035644109781251467,0.02616227519784816,0.12997033612948583,0.04159830393632287,0.32784165448459585,0.025704479777199436,0.3202040479223552,0.9285714285714286,0.4285714285714286,0.75,0.5912496620302163,0.6755147500315926,0.5126431768929225,0.6468883808042301,0.6468883808042303,0.7639455315271871,0.7590233682382814,0.7590233682382814,0.7766611833130023,0.9637790104680016,0.9707528127384674,0.48747816352561785,0.4862609246976597,0.5854860346443514,0.5243257982605863,0.41088542435213243,0.5555759237736715,0.52310174766632,0.4715645817296146,0.4029269694223725,0.30050920916236734,0.19031064998055314,0.5317293715799329,0.5258474504841191,0.49531479442898974,0.4034855667070367,0.3902576388856822,0.2757358115581354,0.2210109802915351,0.21807549482674443,0.9956315297538085,0.8971046825063594
97,0.6356578464637042,0.5552707548396341,0.5547573316303751,0.09436628033238882,0.05583032919027685,0.13006080029298744,0.04877970007570698,0.3866557258703384,0.023647584011887792,0.2967255192543804,1.0,0.35714285714285715,0.8214285714285714,0.6087464594711536,0.7205436927303674,0.5705023969131653,0.8272166161282826,0.8272166161282828,0.8092665501930524,0.8409781074129983,0.8409781074129983,0.9070671119691244,0.9902509375794888,0.9999999999999999,0.49033598226405634,0.48798323494613577,0.5901389954937022,0.587870179359785,0.4157713552171486,0.5676294335299903,0.533733066146219,0.4813401495445575,0.411826285453893,0.3079370851192209,0.19588913459531554,0.5456383050493319,0.5367199649556946,0.5000775325983868,0.412161732291656,0.3949266050624125,0.2821721298259945,0.22056989066829652,0.21998072574994243,0.9801648958503651,0.7409290194057676
98,0.65376382512526,0.5582699527569659,0.5696791899617,0.14472246869372635,0.07026450984340497,0.1438707020850271,0.056934624672502245,0.4502061301672766,0.02173760937266983,0.2724032051836688,1.0,0.28571428571428575,0.8571428571428572,0.5388339305860892,0.7565776515430331,0.5853656000974796,0.8597101263279787,0.8597101263279788,0.8288010714378437,0.7973726327792241,0.7973726327792241,0.6935224587766549,0.9902509375794888,0.9999999999999999,0.4929783503250028,0.4899713027758342,0.5932743578208018,0.6145599587987077,0.41970471720217195,0.5626872772764373,0.5307913602988314,0.4807237404534792,0.41292464455410816,0.3098712771222836,0.1977447493520934,0.5408538710188089,0.5291243325652699,0.5037412088261606,0.425768941020916,0.4068661386527346,0.28510893236246915,0.2201376228375227,0.221504002693513,0.9043531859649823,0.577954003274404
99,0.641089082054149,0.5432197901382385,0.5577476256202336,0.06002622013935121,0.03809805683330979,0.1622833160582508,0.05774418595663663,0.4495794375857791,0.019964061493396013,0.2456619395384148,1.0,0.2142857142857143,0.8928571428571428,0.6259162536827223,0.7475464780530363,0.6548346204704716,0.9510984888921707,0.9510984888921707,0.8615054959370557,0.8514820199660905,0.8514820199660905,0.9297754727075906,0.9999999999999996,0.9999999999999999,0.4970600704818312,0.4925043758232596,0.5997042358317086,0.7005102988719082,0.43657161931966454,0.5772818552906411,0.544447925631816,0.4936776224282937,0.4249112650605493,0.31997119363455084,0.2053243214201359,0.5590964023106753,0.545760794444015,0.519598131190862,0.4181567509084534,0.426134498893159,0.2946046269816236,0.21971400036336436,0.22440138019349065,0.8129536292091493,0.4455545389132306
